AUD;AUD;;2;5;0.0
COR;COR;;15;12;48.43571428571428
DEB;DEB;;7;4;0.7416666666666667
EDI;EDI;;8;14;27.20238095238095
FES;FES;;1;3;0.0
GMP;GMP;;10;10;12.25952380952381
HID;HID;;3;3;0.0
LLR;LLR;;11;10;15.36904761904762
OMP;OMP;;0;3;0.0
OTH;OTH;;4;6;0.26785714285714285
PHY;PHY;;7;5;0.5095238095238095
PLA;PLA;;11;8;15.310714285714285
RES;RES;;6;8;3.8345238095238092
SDK;SDK;;11;2;0.7
SKA;SKA;;7;5;2.4761904761904763
VFX;VFX;;3;8;0.8928571428571428