AUD;AUD;;2;2;0.0
COR;COR;;14;7;37.392857142857146
DEB;DEB;;2;2;0.125
FES;FES;;3;11;11.577380952380953
GMP;GMP;;11;2;2.975
HID;HID;;5;5;0.29166666666666663
LLR;LLR;;10;8;16.992857142857144
OMP;OMP;;3;3;0.0
OTH;OTH;;10;9;15.892857142857144
PHY;PHY;;3;8;13.7
PLA;PLA;;10;7;22.802380952380947
RES;RES;;6;10;31.439285714285717
SGC;SGC;;8;6;3.0095238095238095
SKA;SKA;;4;4;0.4583333333333333
VFX;VFX;;1;8;0.3428571428571429